"dcterms:identifier";"dcterms:spatial";"aorum:cityOfCreation";"spatial:harmonise";"spatial:incertain";"cityOfCreation:harmonise";"cityOfCreation:incertain"
"PBE1620FF2Lou01";"Pays-Bas espagnols (XVIIᵉ s)";"Anvers";"Pays-Bas espagnols (XVIIᵉ s)";0;"Anvers";0
"PBE1630JB2Bes01";"Pays-Bas espagnols (XVIIᵉ s)";"Anvers";"Pays-Bas espagnols (XVIIᵉ s)";0;"Anvers";0
"SEm1516AAlBud01";"Pays germaniques";"Ratisbonne";"Pays germaniques";0;"Ratisbonne";0
"PBa1516JvCLou01";"Pays-Bas (XVIᵉ s)";"Anvers";"Pays-Bas (XVIᵉ s)";0;"Anvers";0
"SEm1500MSBNG01";"Pays germaniques";"Cologne";"Pays germaniques";0;"Cologne";0
"SEm1505MSBNG02";"Pays germaniques";"Cologne";"Pays germaniques";0;"Cologne";0
"Ang1528HolJLou01";"Angleterre";"Londres";"Angleterre";0;"Londres";0
"Ang1528HolJLou02";"Angleterre";"Londres";"Angleterre";0;"Londres";0
"Fra1530AnoBvSE01";"Royaume de France";;"Royaume de France";0;"Ville inconnue (Royaume de France)";0
"Fra1510AnoBvSE01";"Royaume de France";"Beauvais";"Royaume de France";0;"Beauvais";0
"Fra1510AnoBvSE02";"Royaume de France";"Beauvais";"Royaume de France";0;"Beauvais";0
"Fra1510AnoBvSE03";"Royaume de France";"Beauvais";"Royaume de France";0;"Beauvais";0
"Fra1510AnoBvSE04";"Royaume de France";"Beauvais";"Royaume de France";0;"Beauvais";0
"Fra1550AnoArras";"Royaume de France";"Arras";"Royaume de France";0;"Arras";0
"Fra1490BeugMMB";"Royaume de France";"Amiens";"Royaume de France";0;"Amiens";0
"PBa1501BosPra";"Pays-Bas (XVIᵉ s)";"Bois-le-Duc";"Pays-Bas (XVIᵉ s)";0;"Bois-le-Duc";0
"SEm1512MSBatNG";"Pays germaniques";"Cologne";"Pays germaniques";0;"Cologne";0
"SEm1506LCaNG01";"Pays germaniques";;"Pays germaniques";0;"Ville inconnue (Pays germaniques)";0
"SEm1506LCaNG02";"Pays germaniques";;"Pays germaniques";0;"Ville inconnue (Pays germaniques)";0
"SEm1530AnoNG01";"Pays germaniques";;"Pays germaniques";0;"Ville inconnue (Pays germaniques)";0
"PBa1506QMetNG01";"Pays-Bas (XVIᵉ s)";"Anvers";"Pays-Bas (XVIᵉ s)";0;"Anvers";0
"PBa1510QMetNG01";"Pays-Bas (XVIᵉ s)";"Anvers";"Pays-Bas (XVIᵉ s)";0;"Anvers";0
"PBa1510QMetNG02";"Pays-Bas (XVIᵉ s)";"Anvers";"Pays-Bas (XVIᵉ s)";0;"Anvers";0
"PBa1515GDNG01";"Pays-Bas (XVIᵉ s)";"Brugge (?)";"Pays-Bas (XVIᵉ s)";0;"Brugge";1
"PBa1515GDNG02";"Pays-Bas (XVIᵉ s)";"Brugge (?)";"Pays-Bas (XVIᵉ s)";0;"Brugge";1
"SEm1525HWertNG01";"Pays germaniques";"Munich";"Pays germaniques";0;"Munich";0
"Ang1533HHJNG";"Angleterre";"Londres";"Angleterre";0;"Londres";0
"SEm1529BaegNG01";"Pays germaniques";"Wesel";"Pays germaniques";0;"Wesel";0
"SEm1529BaegNG02";"Pays germaniques";;"Pays germaniques";0;"Ville inconnue (Pays germaniques)";0
"SEm1514HBGNG01";"Pays germaniques";"Fribourg-en-Brisgau";"Pays germaniques";0;"Fribourg-en-Brisgau";0
"SEm1512HBGNG02";"Pays germaniques";"Strasbourg (?)";"Pays germaniques";0;"Strasbourg";1
"PBa1520JMNG";"Pays-Bas (XVIᵉ s)";"Haarlem (?)";"Pays-Bas (XVIᵉ s)";0;"Haarlem";1
"PBa1520JBellNG";"Pays-Bas (XVIᵉ s)";"Douai";"Pays-Bas (XVIᵉ s)";0;"Douai";0
"PBa1550MFPNG";"Pays-Bas (XVIᵉ s)";"Anvers";"Pays-Bas (XVIᵉ s)";0;"Anvers";0
"Ita1501AmBNG01";"Péninsule italienne";"Lombardie";"Péninsule italienne";0;"Lombardie";0
"Ita1501AmBNG02";"Péninsule italienne";"Lombardie";"Péninsule italienne";0;"Lombardie";0
"Ita1500SBottNG";"Péninsule italienne";"Florence";"Péninsule italienne";0;"Florence";0
"Ita1500BottNG01";"Péninsule italienne";"Florence";"Péninsule italienne";0;"Florence";0
"Ita1500BottNG02";"Péninsule italienne";"Florence";"Péninsule italienne";0;"Florence";0
"Ita1500AMaNG01";"Péninsule italienne";"Mantoue (?)";"Péninsule italienne";0;"Mantoue";1
"Ita1500AMaNG02";"Péninsule italienne";"Mantoue (?)";"Péninsule italienne";0;"Mantoue";1
"Ita1500AMaNG03";"Péninsule italienne";"Mantoue (?)";"Péninsule italienne";0;"Mantoue";1
"Ita1502LCoetcollNG";"Péninsule italienne";"Bologne";"Péninsule italienne";0;"Bologne";0
"Ita1500VFoNG";"Péninsule italienne";;"Péninsule italienne";0;"Ville inconnue (Péninsule italienne)";0
"Ita1500NPiNG01";"Péninsule italienne";"Ferrare";"Péninsule italienne";0;"Ferrare";0
"Ita1500NPiNG02";"Péninsule italienne";"Ferrare";"Péninsule italienne";0;"Ferrare";0
"Ita1510BFuNG";"Péninsule italienne";"Sienne";"Péninsule italienne";0;"Sienne";0
"Ita1515AnoNordNG01";"Péninsule italienne";;"Péninsule italienne";0;"Ville inconnue (Péninsule italienne)";0
"Ita1540GFerrNG01";"Péninsule italienne";"Milan (?)";"Péninsule italienne";0;"Milan";1
"Ita1522LMaNG01";"Péninsule italienne";"Ferrare (?)";"Péninsule italienne";0;"Ferrare";1
"Fra1500NBeParESG";"Royaume de France";"Paris";"Royaume de France";0;"Paris";0
"PBa1554FFloKSMKA";"Pays-Bas (XVIᵉ s)";"Anvers";"Pays-Bas (XVIᵉ s)";0;"Anvers";0
"PBa1525JCVLou";"Pays-Bas (XVIᵉ s)";"Malines (?)";"Pays-Bas (XVIᵉ s)";0;"Malines";1
"PBa1525BvOBoij";"Pays-Bas (XVIᵉ s)";"Bruxelles";"Pays-Bas (XVIᵉ s)";0;"Bruxelles";0
"PBa1520BvOCPAS";"Pays-Bas (XVIᵉ s)";"Bruxelles";"Pays-Bas (XVIᵉ s)";0;"Bruxelles";0
"PBa1521MSMiNYHD";"Pays-Bas (XVIᵉ s)";;"Pays-Bas (XVIᵉ s)";0;"Ville inconnue (Pays-Bas)";0
"PBa1527JGoMuAPi";"Pays-Bas (XVIᵉ s)";"Middelburg";"Pays-Bas (XVIᵉ s)";0;"Middelburg";0
"PBa1500DJaLou";"Pays-Bas (XVIᵉ s)";"Amsterdam";"Pays-Bas (XVIᵉ s)";0;"Amsterdam";0
"PBa1530SBeLou";"Pays-Bas (XVIᵉ s)";"Bruges";"Pays-Bas (XVIᵉ s)";0;"Bruges";0
"PBa1517JGoLou";"Pays-Bas (XVIᵉ s)";"Middelburg (?)";"Pays-Bas (XVIᵉ s)";0;"Middelburg";1
"PBa1515JBeerNG01";"Pays-Bas (XVIᵉ s)";"Anvers";"Pays-Bas (XVIᵉ s)";0;"Anvers";0
"Ita1520LMaNG02";"Péninsule italienne";"Ferrare";"Péninsule italienne";0;"Ferrare";0
"Ita1514LMaNG03";"Péninsule italienne";"Ferrare";"Péninsule italienne";0;"Ferrare";0
"Ita1506LMaNG04";"Péninsule italienne";"Ferrare";"Péninsule italienne";0;"Ferrare";0
"Ita1522LMaNG05";"Péninsule italienne";"Ferrare";"Péninsule italienne";0;"Ferrare";0
"Ita1535GPaNG01";"Péninsule italienne";"Ferrare";"Péninsule italienne";0;"Ferrare";0
"Ita1540MoNG01";"Péninsule italienne";;"Péninsule italienne";0;"Ville inconnue (Péninsule italienne)";0
"Ita1550ASchNG01";"Péninsule italienne";"Venise";"Péninsule italienne";0;"Venise";0
"Ita1502RaphNG01";"Péninsule italienne";;"Péninsule italienne";0;"Ville inconnue (Péninsule italienne)";0
"Ita1505RaphNG02";"Péninsule italienne";;"Péninsule italienne";0;"Ville inconnue (Péninsule italienne)";0
"Ita1507RaphNG03";"Péninsule italienne";"Florence (?)";"Péninsule italienne";0;"Florence";1
"Ita1512BLoNG01";"Péninsule italienne";"Carpi";"Péninsule italienne";0;"Carpi";0
"Ita1538GCarpiNG01";"Péninsule italienne";"Ferrare (?)";"Péninsule italienne";0;"Ferrare";1
"Ita1520BacchNG";"Péninsule italienne";"Florence";"Péninsule italienne";0;"Florence";0
"Ita1507MarzNG01";"Péninsule italienne";"Venise (?)";"Péninsule italienne";0;"Venise";1
"Ita1500MarzNG02";"Péninsule italienne";"Venise (?)";"Péninsule italienne";0;"Venise";1
"SEm1520AWoeMuAPi01";"Pays germaniques";;"Pays germaniques";0;"Ville inconnue (Pays germaniques)";0
"SEm1520AWoeMuAPi02";"Pays germaniques";;"Pays germaniques";0;"Ville inconnue (Pays germaniques)";0
"SEm1526HWertMuAPi01";"Pays germaniques";"Landshut (?)";"Pays germaniques";0;"Landshut";1
"SEm1526HWertMuAPi02";"Pays germaniques";"Landshut (?)";"Pays germaniques";0;"Landshut";1
"PBE1598JB1NG";"Pays-Bas espagnols (XVIIᵉ s)";"Anvers";"Pays-Bas espagnols (XVIIᵉ s)";0;"Anvers";0
"PBE1620AnoNG";"Pays-Bas espagnols (XVIIᵉ s)";;"Pays-Bas espagnols (XVIIᵉ s)";0;"Ville inconnue (Pays-Bas espagnols)";0
"SEm1615KroGNM01";"Pays germaniques";"Schneeberg";"Pays germaniques";0;"Schneeberg";0
"SEm1530BruyGNM";"Pays germaniques";"Cologne";"Pays germaniques";0;"Cologne";0
"SEm1549HBeGNM";"Pays germaniques";"Heidelberg (?)";"Pays germaniques";0;"Heidelberg";1
"SEm1525HPlaGNM";"Pays germaniques";"Nuremberg";"Pays germaniques";0;"Nuremberg";0
"SEm1512MSchMuAPi";"Pays germaniques";"Ulm (?)";"Pays germaniques";0;"Ulm";1
"SEm1535BBeGNM";"Pays germaniques";"Munich";"Pays germaniques";0;"Munich";0
"PBa1500GDatLyonMBA01";"Pays-Bas (XVIᵉ s)";"Bruges";"Pays-Bas (XVIᵉ s)";0;"Bruges";0
"Ita1500BMoLyonMBA";"Péninsule italienne";;"Péninsule italienne";0;"Ville inconnue (Péninsule italienne)";0
"Ita1505PerLyonMBA";"Péninsule italienne";"Pérouse (?)";"Péninsule italienne";0;"Pérouse";1
"Fra1520AnoLyonMBA01";"Royaume de France";;"Royaume de France";0;"Ville inconnue (Royaume de France)";0
"Fra1505MMahLyonMBA01";"Royaume de France";;"Royaume de France";0;"Ville inconnue (Royaume de France)";0
"Fra1505MMahLyonMBA02";"Royaume de France";;"Royaume de France";0;"Ville inconnue (Royaume de France)";0
"Fra1505MMahLyonMBA03";"Royaume de France";;"Royaume de France";0;"Ville inconnue (Royaume de France)";0
"Fra1505MMahLyonMBA04";"Royaume de France";;"Royaume de France";0;"Ville inconnue (Royaume de France)";0
"Fra1505MMahLyonMBA05";"Royaume de France";;"Royaume de France";0;"Ville inconnue (Royaume de France)";0
"Fra1505MMahLyonMBA06";"Royaume de France";;"Royaume de France";0;"Ville inconnue (Royaume de France)";0
"Fra1505MMahLyonMBA07";"Royaume de France";;"Royaume de France";0;"Ville inconnue (Royaume de France)";0
"Fra1505MMahLyonMBA08";"Royaume de France";;"Royaume de France";0;"Ville inconnue (Royaume de France)";0
"Fra1507ClGLyonMBA";"Royaume de France";"Lyon";"Royaume de France";0;"Lyon";0
"Esp1500MSCPaLyonMBA01";"Espagne";"Castille";"Espagne";0;"Castille";0
"Esp1500MSCPaLyonMBA02";"Espagne";"Castille";"Espagne";0;"Castille";0
"Fra1623JStLyonMBA";"Royaume de France";"Lyon";"Royaume de France";0;"Lyon";0
"SEm1500AnoChMBA01";"Pays germaniques";;"Pays germaniques";0;"Ville inconnue (Pays germaniques)";0
"Ita1500AnoChMBA02";"Péninsule italienne";"Florence";"Péninsule italienne";0;"Florence";0
"Ita1500AnoChMBA03";"Péninsule italienne";"Florence";"Péninsule italienne";0;"Florence";0
"Esp1530MRSJChMBA01";"Espagne";;"Espagne";0;"Ville inconnue (Espagne)";0
"Esp1530MRSJChMBA02";"Espagne";;"Espagne";0;"Ville inconnue (Espagne)";0
"Fra1637AnoGui";"Royaume de France";;"Royaume de France";0;"Ville inconnue (Royaume de France)";0
"PBa1515JvCMuAPi";"Pays-Bas (XVIᵉ s)";"Anvers (?)";"Pays-Bas (XVIᵉ s)";0;"Anvers";1
"PBa1557AnoPhiMA";"Pays-Bas (XVIᵉ s)";;"Pays-Bas (XVIᵉ s)";0;"Ville inconnue (Pays-Bas)";0
"Ita1590FariVerCas";"Péninsule italienne";;"Péninsule italienne";0;"Ville inconnue (Péninsule italienne)";0
"PU1629RembMH";"Provinces-Unies";"Leyde";"Provinces-Unies";0;"Leyde";0
"PU1656VermMET";"Provinces-Unies";"Delft";"Provinces-Unies";0;"Delft";0
"PU1657vMierKHM";"Provinces-Unies";"Leyde";"Provinces-Unies";0;"Leyde";0
"PU1650SchelGuim";"Provinces-Unies";;"Provinces-Unies";0;"Ville inconnue (Provinces-Unies)";0
"PU165XSchelV&A";"Provinces-Unies";;"Provinces-Unies";0;"Ville inconnue (Provinces-Unies)";0
"PU1641SaenRijks";"Provinces-Unies";"Haarlem";"Provinces-Unies";0;"Haarlem";0
"Ita1500ARomSMSM";"Péninsule italienne";"Rome";"Péninsule italienne";0;"Rome";0
"Ita1505SGattiAQMNaz";"Péninsule italienne";;"Péninsule italienne";0;"Ville inconnue (Péninsule italienne)";0
"Ita1511MAqRietiMC";"Péninsule italienne";;"Péninsule italienne";0;"Ville inconnue (Péninsule italienne)";0
"Ita1508AnoRMSJeanLatran";"Péninsule italienne";"Rome";"Péninsule italienne";0;"Rome";0
"Ita1537BecLou01";"Péninsule italienne";"Sienne";"Péninsule italienne";0;"Sienne";0
"Ita1537BecLou02";"Péninsule italienne";"Sienne";"Péninsule italienne";0;"Sienne";0
"Ita1460AnoLou";"Péninsule italienne";;"Péninsule italienne";0;"Ville inconnue (Péninsule italienne)";0
"Ita1524CaroLou";"Péninsule italienne";;"Péninsule italienne";0;"Ville inconnue (Péninsule italienne)";0
"Ita1494BZeLou01";"Péninsule italienne";"Milan (?)";"Péninsule italienne";0;"Milan";1
"Ita1536GRoLou01";"Péninsule italienne";"Mantoue";"Péninsule italienne";0;"Mantoue";0
"Ita1517PontLou";"Péninsule italienne";;"Péninsule italienne";0;"Ville inconnue (Péninsule italienne)";0
"Ita1569ACaLou";"Péninsule italienne";"Milan (?)";"Péninsule italienne";0;"Milan";1
"Ita1516SaccLou";"Péninsule italienne";;"Péninsule italienne";0;"Ville inconnue (Péninsule italienne)";0
"Ita1525GCalLou";"Péninsule italienne";;"Péninsule italienne";0;"Ville inconnue (Péninsule italienne)";0
"Ita1506LCoLou";"Péninsule italienne";;"Péninsule italienne";0;"Ville inconnue (Péninsule italienne)";0
"Ita1518AdSLou01";"Péninsule italienne";"France";"Péninsule italienne";0;"Ville française*";0
"Ita1503RaphLou01";"Péninsule italienne";;"Péninsule italienne";0;"Ville inconnue (Péninsule italienne)";0
"Ita1475PerLou01";"Péninsule italienne";"Pérouse (?)";"Péninsule italienne";0;"Pérouse";1
"Ita1500BoltLou";"Péninsule italienne";;"Péninsule italienne";0;"Ville inconnue (Péninsule italienne)";0
"Ita1580AnoLou01";"Péninsule italienne";;"Péninsule italienne";0;"Ville inconnue (Péninsule italienne)";0
"Ita1500BPeLou";"Péninsule italienne";;"Péninsule italienne";0;"Ville inconnue (Péninsule italienne)";0
"Ita1500BLuLou01";"Péninsule italienne";;"Péninsule italienne";0;"Ville inconnue (Péninsule italienne)";0
"Ita1670CDoLou01";"Péninsule italienne";"Florence";"Péninsule italienne";0;"Florence";0
"Ita1653CDoLou 02";"Péninsule italienne";"Florence";"Péninsule italienne";0;"Florence";0
"Ita1540PBoLou";"Péninsule italienne";;"Péninsule italienne";0;"Ville inconnue (Péninsule italienne)";0
"Ita1525GSavLou";"Péninsule italienne";;"Péninsule italienne";0;"Ville inconnue (Péninsule italienne)";0
"Ita1588TintoLou";"Péninsule italienne";"Venise";"Péninsule italienne";0;"Venise";0
"Ita1575JBaLou";"Péninsule italienne";;"Péninsule italienne";0;"Ville inconnue (Péninsule italienne)";0
"Ita1555VeroLou";"Péninsule italienne";"Venise";"Péninsule italienne";0;"Venise";0
"Ita1450PdCLou";"Péninsule italienne";"Florence";"Péninsule italienne";0;"Florence";0
"Ita1475PerLou02";"Péninsule italienne";;"Péninsule italienne";0;"Ville inconnue (Péninsule italienne)";0
"Ita1480LdCLou01";"Péninsule italienne";;"Péninsule italienne";0;"Ville inconnue (Péninsule italienne)";0
"Ita1507RaphLou02";"Péninsule italienne";"Florence";"Péninsule italienne";0;"Florence";0
"Ita1500MdOLou";"Péninsule italienne";;"Péninsule italienne";0;"Ville inconnue (Péninsule italienne)";0
"Ita1500OrtLou";"Péninsule italienne";;"Péninsule italienne";0;"Ville inconnue (Péninsule italienne)";0
"Ita1600AnoLou02";"Péninsule italienne";;"Péninsule italienne";0;"Ville inconnue (Péninsule italienne)";0
"Ita1481AMaLou01";"Péninsule italienne";"Mantoue";"Péninsule italienne";0;"Mantoue";0
"Ita1456AMaLou02";"Péninsule italienne";"Padoue";"Péninsule italienne";0;"Padoue";0
"Ita1475BdGLou01";"Péninsule italienne";"Florence";"Péninsule italienne";0;"Florence";0
"Ita1495AMaLou03";"Péninsule italienne";"Mantoue";"Péninsule italienne";0;"Mantoue";0
"Ita1500AMaLou04";"Péninsule italienne";"Mantoue";"Péninsule italienne";0;"Mantoue";0
"Ita1496AMaLou05";"Péninsule italienne";"Mantoue";"Péninsule italienne";0;"Mantoue";0
"Ita1500BATLou01";"Péninsule italienne";;"Péninsule italienne";0;"Ville inconnue (Péninsule italienne)";0
"Ita1475BdGLou02";"Péninsule italienne";"Florence";"Péninsule italienne";0;"Florence";0
"Ita1475FnoLiLou01";"Péninsule italienne";;"Péninsule italienne";0;"Ville inconnue (Péninsule italienne)";0
"Ita1475FnoLiLou02";"Péninsule italienne";"Florence (?)";"Péninsule italienne";0;"Florence";1
"Ita1475LdVLou";"Péninsule italienne";"Vérone (?)";"Péninsule italienne";0;"Vérone";1
"Ita1475SodLou";"Péninsule italienne";;"Péninsule italienne";0;"Ville inconnue (Péninsule italienne)";0
"Ita1450BdPLou";"Péninsule italienne";"Mantoue (?)";"Péninsule italienne";0;"Mantoue";1
"Ita1507ASolLou01";"Péninsule italienne";;"Péninsule italienne";0;"Ville inconnue (Péninsule italienne)";0
"Ita1509ASolLou02";"Péninsule italienne";;"Péninsule italienne";0;"Ville inconnue (Péninsule italienne)";0
"Ita1516RaphLou04";"Péninsule italienne";;"Péninsule italienne";0;"Ville inconnue (Péninsule italienne)";0
"Ita1516RaphLou05";"Péninsule italienne";"Rome";"Péninsule italienne";0;"Rome";0
"Ita1501RaphLou06";"Péninsule italienne";"Città di Castello";"Péninsule italienne";0;"Città di Castello";0
"Ita1515AdSLou02";"Péninsule italienne";"Florence";"Péninsule italienne";0;"Florence";0
"Ita1502PerLou03";"Péninsule italienne";;"Péninsule italienne";0;"Ville inconnue (Péninsule italienne)";0
"Ita1506LoSpLou";"Péninsule italienne";;"Péninsule italienne";0;"Ville inconnue (Péninsule italienne)";0
"Ita1500LMaLou";"Péninsule italienne";"Ferrare (?)";"Péninsule italienne";0;"Ferrare";1
"Ita1500GaroLou01";"Péninsule italienne";"Ferrare";"Péninsule italienne";0;"Ferrare";0
"Ita1475GdBLou";"Péninsule italienne";;"Péninsule italienne";0;"Ville inconnue (Péninsule italienne)";0
"Ita1506MAlbLou";"Péninsule italienne";"Florence";"Péninsule italienne";0;"Florence";0
"Ita1475BZeLou02";"Péninsule italienne";;"Péninsule italienne";0;"Ville inconnue (Péninsule italienne)";0
"Ita1475PerLou04";"Péninsule italienne";"Pérouse (?)";"Péninsule italienne";0;"Pérouse";1
"Ita1475PerLou05";"Péninsule italienne";;"Péninsule italienne";0;"Ville inconnue (Péninsule italienne)";0
"Ita1500FMaLou";"Péninsule italienne";;"Péninsule italienne";0;"Ville inconnue (Péninsule italienne)";0
"Ita1475AmBLou01";"Péninsule italienne";;"Péninsule italienne";0;"Ville inconnue (Péninsule italienne)";0
"Ita1475AmBLou02";"Péninsule italienne";;"Péninsule italienne";0;"Ville inconnue (Péninsule italienne)";0
"Ita1475AmBLou03";"Péninsule italienne";;"Péninsule italienne";0;"Ville inconnue (Péninsule italienne)";0
"Ita1490CBraLouA";"Péninsule italienne";;"Péninsule italienne";0;"Ville inconnue (Péninsule italienne)";0
"Ita1490CBraLouC";"Péninsule italienne";;"Péninsule italienne";0;"Ville inconnue (Péninsule italienne)";0
"Ita1490CBraLouB";"Péninsule italienne";;"Péninsule italienne";0;"Ville inconnue (Péninsule italienne)";0
"Ita1450GBelLou01";"Péninsule italienne";;"Péninsule italienne";0;"Ville inconnue (Péninsule italienne)";0
"Ita1450GBelLou02";"Péninsule italienne";;"Péninsule italienne";0;"Ville inconnue (Péninsule italienne)";0
"Ita1450AnoLou03";"Péninsule italienne";;"Péninsule italienne";0;"Ville inconnue (Péninsule italienne)";0
"Ita1450AnoLou04";"Péninsule italienne";;"Péninsule italienne";0;"Ville inconnue (Péninsule italienne)";0
"Ita1494LdCLou02";"Péninsule italienne";;"Péninsule italienne";0;"Ville inconnue (Péninsule italienne)";0
"Ita1500AnoLou05";"Péninsule italienne";;"Péninsule italienne";0;"Ville inconnue (Péninsule italienne)";0
"Ita1500AnoLou06";"Péninsule italienne";;"Péninsule italienne";0;"Ville inconnue (Péninsule italienne)";0
"Ita1500AnoLou06";"Péninsule italienne";;"Péninsule italienne";0;"Ville inconnue (Péninsule italienne)";0
"Ita1510AnoLou07";"Péninsule italienne";;"Péninsule italienne";0;"Ville inconnue (Péninsule italienne)";0
"Ita14Q3SBottLou03";"Péninsule italienne";;"Péninsule italienne";0;"Ville inconnue (Péninsule italienne)";0
"Ita14Q3FnoLiLou03";"Péninsule italienne";"Florence";"Péninsule italienne";0;"Florence";0
"Ita14Q4NdLLouD";"Péninsule italienne";"Foligno";"Péninsule italienne";0;"Foligno";0
"Ita14Q4NdLLouE";"Péninsule italienne";"Foligno";"Péninsule italienne";0;"Foligno";0
"Ita14Q4NdLLouA";"Péninsule italienne";"Foligno";"Péninsule italienne";0;"Foligno";0
"Ita14Q4NdLLouC";"Péninsule italienne";"Foligno";"Péninsule italienne";0;"Foligno";0
"Ita14Q4NdLLouB";"Péninsule italienne";"Foligno";"Péninsule italienne";0;"Foligno";0
"Ita1460AnoLou08";"Péninsule italienne";"Sienne";"Péninsule italienne";0;"Sienne";0
"Ita1492NdLaLou";"Péninsule italienne";"Sienne";"Péninsule italienne";0;"Sienne";0
"Ita14Q3GdPLou";"Péninsule italienne";;"Péninsule italienne";0;"Ville inconnue (Péninsule italienne)";0
"Ita1502PintuLou";"Péninsule italienne";;"Péninsule italienne";0;"Ville inconnue (Péninsule italienne)";0
"Ita1460AnoLou09";"Péninsule italienne";;"Péninsule italienne";0;"Ville inconnue (Péninsule italienne)";0
"Ita15Q1SBottLou04";"Péninsule italienne";;"Péninsule italienne";0;"Ville inconnue (Péninsule italienne)";0
"Ita1475BATLou02";"Péninsule italienne";;"Péninsule italienne";0;"Ville inconnue (Péninsule italienne)";0
"Ita14Q3PerLou06";"Péninsule italienne";"Florence (?)";"Péninsule italienne";0;"Florence";1
"Ita14Q3PerLou07";"Péninsule italienne";"Florence (?)";"Péninsule italienne";0;"Florence";1
"Ita14Q3PerLou08";"Péninsule italienne";"Florence (?)";"Péninsule italienne";0;"Florence";1
"Ita15X1GaroLou02";"Péninsule italienne";;"Péninsule italienne";0;"Ville inconnue (Péninsule italienne)";0
"Ita1475SellLou";"Péninsule italienne";;"Péninsule italienne";0;"Ville inconnue (Péninsule italienne)";0
"Ita14Q3SBottLou05";"Péninsule italienne";;"Péninsule italienne";0;"Ville inconnue (Péninsule italienne)";0
"Ita1450LoSpLou01";"Péninsule italienne";;"Péninsule italienne";0;"Ville inconnue (Péninsule italienne)";0
"Ita1500AnoLou07";"Péninsule italienne";;"Péninsule italienne";0;"Ville inconnue (Péninsule italienne)";0
"Ita1475FFrLou";"Péninsule italienne";;"Péninsule italienne";0;"Ville inconnue (Péninsule italienne)";0
"Ita15X2AnoLou";"Péninsule italienne";;"Péninsule italienne";0;"Ville inconnue (Péninsule italienne)";0
"Ita1475LdCLou";"Péninsule italienne";;"Péninsule italienne";0;"Ville inconnue (Péninsule italienne)";0
"Ita1513FFrLou";"Péninsule italienne";"Bologne (?)";"Péninsule italienne";0;"Bologne";1
"ItaLFa1513Lou";"Péninsule italienne";;"Péninsule italienne";0;"Ville inconnue (Péninsule italienne)";0
"Ita1500RaphLou";"Péninsule italienne";;"Péninsule italienne";0;"Ville inconnue (Péninsule italienne)";0
"Ita15X1MDALou";"Péninsule italienne";;"Péninsule italienne";0;"Ville inconnue (Péninsule italienne)";0
"Ita15X2GMuzLou";"Péninsule italienne";;"Péninsule italienne";0;"Ville inconnue (Péninsule italienne)";0
"Ita1511LoSpLou02";"Péninsule italienne";;"Péninsule italienne";0;"Ville inconnue (Péninsule italienne)";0
"Ita14Q4NPiLou";"Péninsule italienne";;"Péninsule italienne";0;"Ville inconnue (Péninsule italienne)";0
"Ita1500PCoccLou";"Péninsule italienne";;"Péninsule italienne";0;"Ville inconnue (Péninsule italienne)";0
"Ita1493SignoLou";"Péninsule italienne";;"Péninsule italienne";0;"Ville inconnue (Péninsule italienne)";0
"Ita1575OrtLou";"Péninsule italienne";;"Péninsule italienne";0;"Ville inconnue (Péninsule italienne)";0
"Ita1504GdiPaLou";"Péninsule italienne";;"Péninsule italienne";0;"Ville inconnue (Péninsule italienne)";0
"Ita1518BFaLou";"Péninsule italienne";"Gênes";"Péninsule italienne";0;"Gênes";0
"Ita15X1AnoLou";"Péninsule italienne";;"Péninsule italienne";0;"Ville inconnue (Péninsule italienne)";0
"Ita1500AnoLou08";"Péninsule italienne";;"Péninsule italienne";0;"Ville inconnue (Péninsule italienne)";0
"SEm1515HWertBNM01";"Pays germaniques";"Landshut (?)";"Pays germaniques";0;"Landshut";1
"SEm1515HWertBNM02";"Pays germaniques";"Landshut (?)";"Pays germaniques";0;"Landshut";1
"SEm1515HWertBNM03";"Pays germaniques";"Landshut (?)";"Pays germaniques";0;"Landshut";1
"SEm1515HWertBNM04";"Pays germaniques";"Landshut (?)";"Pays germaniques";0;"Landshut";1
"Ita1530GaroPamph";"Péninsule italienne";"Ferrare";"Péninsule italienne";0;"Ferrare";0
"Ita1518GaroPamph";"Péninsule italienne";"Ferrare";"Péninsule italienne";0;"Ferrare";0
"PBE1610JB1atPamph01";"Pays-Bas espagnols (XVIIᵉ s)";"Bruxelles (?)";"Pays-Bas espagnols (XVIIᵉ s)";0;"Bruxelles";1
"PBE1600JB1HB1Pamph01";"Pays-Bas espagnols (XVIIᵉ s)";"Anvers (?)";"Pays-Bas espagnols (XVIIᵉ s)";0;"Anvers";1
"Ita1510LMaPamph01";"Péninsule italienne";"Ferrare";"Péninsule italienne";0;"Ferrare";0
"Ita1600VanniPamph";"Péninsule italienne";"Sienne";"Péninsule italienne";0;"Sienne";0
"Ita1525AnoFerrPamph";"Péninsule italienne";"Ferrare";"Péninsule italienne";0;"Ferrare";0
"SEm1505BStriGNM";"Pays germaniques";"Memmingen";"Pays germaniques";0;"Memmingen";0
"SEm1584LCaJGNM";"Pays germaniques";"Wittenberg";"Pays germaniques";0;"Wittenberg";0
"SEm1518AAlGNM";"Pays germaniques";"Ratisbonne";"Pays germaniques";0;"Ratisbonne";0
"SEm1520AAlGNM01";"Pays germaniques";"Ratisbonne";"Pays germaniques";0;"Ratisbonne";0
"SEm1520AAlGNM02";"Pays germaniques";"Ratisbonne";"Pays germaniques";0;"Ratisbonne";0
"SEm1520AAlGNM03";"Pays germaniques";"Ratisbonne";"Pays germaniques";0;"Ratisbonne";0
"SEm1515MRSbGNM01";"Pays germaniques";"Augsbourg";"Pays germaniques";0;"Augsbourg";0
"SEm1515MRSbGNM02";"Pays germaniques";"Augsbourg";"Pays germaniques";0;"Augsbourg";0
"SEm1522BBeGNM01";"Pays germaniques";"Franken";"Pays germaniques";0;"Franken";0
"SEm1522BBeGNM02";"Pays germaniques";"Franken";"Pays germaniques";0;"Franken";0
"SEm1505MGutGNM01";"Pays germaniques";"Bodensee";"Pays germaniques";0;"Bodensee";0
"SEm1505MGutGNM02";"Pays germaniques";"Bodensee";"Pays germaniques";0;"Bodensee";0
"CH1480MOeBDiBA01";"Confédération helvétique";"Baden";"Confédération helvétique";0;"Baden";0
"CH1516AnoDiBA01A";"Confédération helvétique";;"Confédération helvétique";0;"Ville inconnue (Confédération helvétique)";0
"CH1516AnoDiBA01B";"Confédération helvétique";;"Confédération helvétique";0;"Ville inconnue (Confédération helvétique)";0
"CH1480MOeBDiBA02A";"Confédération helvétique";"Baden";"Confédération helvétique";0;"Baden";0
"CH1480MOeBDiBA02B";"Confédération helvétique";"Baden";"Confédération helvétique";0;"Baden";0
"CH1480MOeBDiBA02C";"Confédération helvétique";"Baden";"Confédération helvétique";0;"Baden";0
"CH1480MOeBDiBA02D";"Confédération helvétique";"Baden";"Confédération helvétique";0;"Baden";0
"CH1480MOeBDiBA03A";"Confédération helvétique";"Baden";"Confédération helvétique";0;"Baden";0
"CH1480MOeBDiBA03B";"Confédération helvétique";"Baden";"Confédération helvétique";0;"Baden";0
"CH1500AnoDiBA01";"Confédération helvétique";;"Confédération helvétique";0;"Ville inconnue (Confédération helvétique)";0
"Fra1500AnoDiBA01";"Royaume de France";;"Royaume de France";0;"Ville inconnue (Royaume de France)";0
"Ita1480VFoDiBA";"Péninsule italienne";;"Péninsule italienne";0;"Ville inconnue (Péninsule italienne)";0
"Fra1600AnoDiBA01";"Royaume de France";;"Royaume de France";0;"Ville inconnue (Royaume de France)";0
"Fra155XAnoDiBA";"Royaume de France";;"Royaume de France";0;"Ville inconnue (Royaume de France)";0
"Fra1505MComDiBA";"Royaume de France";"Dijon";"Royaume de France";0;"Dijon";0
"Ita1500BramRijks01";"Péninsule italienne";"Milan (?)";"Péninsule italienne";0;"Milan";1
"Ita1510LMaRijks01";"Péninsule italienne";"Ferrare (?)";"Péninsule italienne";0;"Ferrare";1
"Ita1490LCoRijks01";"Péninsule italienne";;"Péninsule italienne";0;"Ville inconnue (Péninsule italienne)";0
"Ita1485SellRijks01";"Péninsule italienne";;"Péninsule italienne";0;"Ville inconnue (Péninsule italienne)";0
"Ita1470ZagaRijks01";"Péninsule italienne";;"Péninsule italienne";0;"Ville inconnue (Péninsule italienne)";0
"Ita1515GaroRijks01";"Péninsule italienne";;"Péninsule italienne";0;"Ville inconnue (Péninsule italienne)";0
"Ita1525GFerrRijks01";"Péninsule italienne";;"Péninsule italienne";0;"Ville inconnue (Péninsule italienne)";0
"Esp1475AnoRijks01";"Espagne";;"Espagne";0;"Ville inconnue (Espagne)";0
"SEm1490AnoRijks01";"Pays germaniques";;"Pays germaniques";0;"Ville inconnue (Pays germaniques)";0
"PBa1557AnoRijks01";"Pays-Bas (XVIᵉ s)";;"Pays-Bas (XVIᵉ s)";0;"Ville inconnue (Pays-Bas)";0
"PBa1500MPerrRijks01";"Pays-Bas (XVIᵉ s)";"Anvers";"Pays-Bas (XVIᵉ s)";0;"Anvers";0
"Ita1535GaroRijks01";"Péninsule italienne";;"Péninsule italienne";0;"Ville inconnue (Péninsule italienne)";0
"SEm1480MLUrsRijks01";"Pays germaniques";"Bruges";"Pays germaniques";0;"Bruges";0
"Ita1512CimaRijks01";"Péninsule italienne";;"Péninsule italienne";0;"Ville inconnue (Péninsule italienne)";0
"SEm1500AnoRijks01";"Pays germaniques";;"Pays germaniques";0;"Ville inconnue (Pays germaniques)";0
"SEm1475GleisRijks";"Pays germaniques";;"Pays germaniques";0;"Ville inconnue (Pays germaniques)";0
"SEm1500AnoRijks02";"Pays germaniques";;"Pays germaniques";0;"Ville inconnue (Pays germaniques)";0
"Ita1480MAlleRijks01";"Péninsule italienne";"Florence (?)";"Péninsule italienne";0;"Florence";1
"Ita1481VCriRijks01";"Péninsule italienne";"Venise (?)";"Péninsule italienne";0;"Venise";1
"Ita1500AmBRijks01";"Péninsule italienne";;"Péninsule italienne";0;"Ville inconnue (Péninsule italienne)";0
"Ita1490MacrRijks01";"Péninsule italienne";;"Péninsule italienne";0;"Ville inconnue (Péninsule italienne)";0
"Ita1525PordRijks01";"Péninsule italienne";;"Péninsule italienne";0;"Ville inconnue (Péninsule italienne)";0
"Ita1510MFogoRijks01";"Péninsule italienne";;"Péninsule italienne";0;"Ville inconnue (Péninsule italienne)";0
"PU1609AnoRijks01";"Provinces-Unies";;"Provinces-Unies";0;"Ville inconnue (Provinces-Unies)";0
"PU1627vBorcRijks";"Provinces-Unies";"Utrecht";"Provinces-Unies";0;"Utrecht";0
"PBE1610FF2Rijks";"Pays-Bas espagnols (XVIIᵉ s)";"Anvers";"Pays-Bas espagnols (XVIIᵉ s)";0;"Anvers";0
"PBE1616FF2Rijks";"Pays-Bas espagnols (XVIIᵉ s)";"Anvers";"Pays-Bas espagnols (XVIIᵉ s)";0;"Anvers";0
"PBa1600BosRijks";"Pays-Bas (XVIᵉ s)";;"Pays-Bas (XVIᵉ s)";0;"Ville inconnue (Pays-Bas)";0
"Ita1498FraBSMarc";"Péninsule italienne";;"Péninsule italienne";0;"Ville inconnue (Péninsule italienne)";0
"Ita1500AnoSMarc";"Péninsule italienne";"Florence (?)";"Péninsule italienne";0;"Florence";1
"Ita1463AMaOff";"Péninsule italienne";;"Péninsule italienne";0;"Ville inconnue (Péninsule italienne)";0
"Ita1475VerroetLeoVOff";"Péninsule italienne";"Florence";"Péninsule italienne";0;"Florence";0
"Ita1472LeoVOff";"Péninsule italienne";"Florence";"Péninsule italienne";0;"Florence";0
"Ita1478FnoLiOff";"Péninsule italienne";"Florence";"Péninsule italienne";0;"Florence";0
"Ita1493FnoLiOff";"Péninsule italienne";"Florence";"Péninsule italienne";0;"Florence";0
"Ita1496FnoLiOff";"Péninsule italienne";"Florence";"Péninsule italienne";0;"Florence";0
"Ita1495SBottOff1";"Péninsule italienne";"Florence";"Péninsule italienne";0;"Florence";0
"Ita1485SBottOff";"Péninsule italienne";"Florence";"Péninsule italienne";0;"Florence";0
"Ita1487SBottOff";"Péninsule italienne";"Florence";"Péninsule italienne";0;"Florence";0
"Ita1488SBottOff";"Péninsule italienne";"Florence";"Péninsule italienne";0;"Florence";0
"Ita1489SBottOff";"Péninsule italienne";"Florence";"Péninsule italienne";0;"Florence";0
"Ita1490PredisOff";"Péninsule italienne";;"Péninsule italienne";0;"Ville inconnue (Péninsule italienne)";0
"Ita1492PerOff1";"Péninsule italienne";"Florence";"Péninsule italienne";0;"Florence";0
"Ita1493PerOff";"Péninsule italienne";"Florence";"Péninsule italienne";0;"Florence";0
"Ita1500PalmOff";"Péninsule italienne";;"Péninsule italienne";0;"Ville inconnue (Péninsule italienne)";0
"Ita1500MemOff";"Péninsule italienne";;"Péninsule italienne";0;"Ville inconnue (Péninsule italienne)";0
"Ita1495LdCOff";"Péninsule italienne";;"Péninsule italienne";0;"Ville inconnue (Péninsule italienne)";0
"Ita1505LdCOff1";"Péninsule italienne";"Florence";"Péninsule italienne";0;"Florence";0
"Ita1505FMainOff";"Péninsule italienne";;"Péninsule italienne";0;"Ville inconnue (Péninsule italienne)";0
"Ita1485SignoOff";"Péninsule italienne";;"Péninsule italienne";0;"Ville inconnue (Péninsule italienne)";0
"Ita1510SignoOff1";"Péninsule italienne";;"Péninsule italienne";0;"Ville inconnue (Péninsule italienne)";0
"Ita1510AnoOff";"Péninsule italienne";;"Péninsule italienne";0;"Ville inconnue (Péninsule italienne)";0
"Ita1503RaphOff01";"Péninsule italienne";;"Péninsule italienne";0;"Ville inconnue (Péninsule italienne)";0
"Ita1518RaphOff";"Péninsule italienne";;"Péninsule italienne";0;"Ville inconnue (Péninsule italienne)";0
"Ita1510BrescOff";"Péninsule italienne";;"Péninsule italienne";0;"Ville inconnue (Péninsule italienne)";0
"Ita1510BugiaOff";"Péninsule italienne";;"Péninsule italienne";0;"Ville inconnue (Péninsule italienne)";0
"Ita1510AdSOff";"Péninsule italienne";;"Péninsule italienne";0;"Ville inconnue (Péninsule italienne)";0
"Ita1515AdSOff";"Péninsule italienne";;"Péninsule italienne";0;"Ville inconnue (Péninsule italienne)";0
"Ita1513IndacOff";"Péninsule italienne";;"Péninsule italienne";0;"Ville inconnue (Péninsule italienne)";0
"Ita1515GranOff";"Péninsule italienne";"Florence";"Péninsule italienne";0;"Florence";0
"Ita1517GranOff";"Péninsule italienne";;"Péninsule italienne";0;"Ville inconnue (Péninsule italienne)";0
"Ita1510BugiaOff1";"Péninsule italienne";"Florence";"Péninsule italienne";0;"Florence";0
"Ita1517BacchOff";"Péninsule italienne";"Florence";"Péninsule italienne";0;"Florence";0
"Ita1515PuliOff";"Péninsule italienne";"Florence";"Péninsule italienne";0;"Florence";0
"Ita1522LeonbrOff";"Péninsule italienne";"Mantoue (?)";"Péninsule italienne";0;"Mantoue";1
"Ita1512PiombOff";"Péninsule italienne";"Rome";"Péninsule italienne";0;"Rome";0
"Ita1474MAlbChaBA";"Péninsule italienne";"Florence (?)";"Péninsule italienne";0;"Florence";1
"Ita1459GBelCollP";"Péninsule italienne";;"Péninsule italienne";0;"Ville inconnue (Péninsule italienne)";0
"Ita1450GCozLMdPP";"Péninsule italienne";;"Péninsule italienne";0;"Ville inconnue (Péninsule italienne)";0
"Ita1616CDoMarBA";"Péninsule italienne";;"Péninsule italienne";0;"Ville inconnue (Péninsule italienne)";0
"Ita1460DGhiLou";"Péninsule italienne";;"Péninsule italienne";0;"Ville inconnue (Péninsule italienne)";0
"PBa1450MdRedPra03";"Pays-Bas (XVIᵉ s)";;"Pays-Bas (XVIᵉ s)";0;"Ville inconnue (Pays-Bas)";0
"PBa1435WeydPra";"Pays-Bas (XVIᵉ s)";;"Pays-Bas (XVIᵉ s)";0;"Ville inconnue (Pays-Bas)";0
"Esp1445NFrancPra";"Espagne";;"Espagne";0;"Ville inconnue (Espagne)";0
"Ita1517GRoGFPenPra";"Péninsule italienne";;"Péninsule italienne";0;"Ville inconnue (Péninsule italienne)";0
"PBa1520JBeerEco";"Pays-Bas (XVIᵉ s)";"Anvers";"Pays-Bas (XVIᵉ s)";0;"Anvers";0
"Ita1506MdOgEco";"Péninsule italienne";"Milan";"Péninsule italienne";0;"Milan";0
"Ita1480AnoEco01";"Péninsule italienne";;"Péninsule italienne";0;"Ville inconnue (Péninsule italienne)";0
"Ita1480AnoEco02";"Péninsule italienne";;"Péninsule italienne";0;"Ville inconnue (Péninsule italienne)";0
"Ita1480AnoEco03";"Péninsule italienne";;"Péninsule italienne";0;"Ville inconnue (Péninsule italienne)";0
"Ita1480AnoEco04";"Péninsule italienne";;"Péninsule italienne";0;"Ville inconnue (Péninsule italienne)";0
"Ita1505SBottEco";"Péninsule italienne";;"Péninsule italienne";0;"Ville inconnue (Péninsule italienne)";0
"Fra1519NBeEco";"Royaume de France";;"Royaume de France";0;"Ville inconnue (Royaume de France)";0
"Fra1500AnoEco01";"Royaume de France";;"Royaume de France";0;"Ville inconnue (Royaume de France)";0
"Fra1500AnoEco02";"Royaume de France";;"Royaume de France";0;"Ville inconnue (Royaume de France)";0
"Fra1515JLioEco01";"Royaume de France";;"Royaume de France";0;"Ville inconnue (Royaume de France)";0
"Fra1515JLioEco02";"Royaume de France";;"Royaume de France";0;"Ville inconnue (Royaume de France)";0
"Fra1515JLioEco03";"Royaume de France";;"Royaume de France";0;"Ville inconnue (Royaume de France)";0
"Esp1500AnoEco";"Espagne";;"Espagne";0;"Ville inconnue (Espagne)";0
"Fra1600AnoEco";"Royaume de France";;"Royaume de France";0;"Ville inconnue (Royaume de France)";0
"Esp1468GallDiBA";"Espagne";;"Espagne";0;"Ville inconnue (Espagne)";0
"Ita1625NomeDiBA";"Péninsule italienne";"Naples";"Péninsule italienne";0;"Naples";0
"PBE1500AnoMons";"Pays-Bas espagnols (XVIIᵉ s)";;"Pays-Bas espagnols (XVIIᵉ s)";0;"Ville inconnue (Pays-Bas espagnols)";0
"Esp1500GallCollP";"Espagne";"Castille";"Espagne";0;"Castille";0
"Esp1486SedaCollP";"Espagne";"Burgos (?)";"Espagne";0;"Burgos";1
"Esp1491PBerrPra01";"Espagne";"Ávila";"Espagne";0;"Ávila";0
"Esp1508JBorgoDallas";"Espagne";"Tolède";"Espagne";0;"Tolède";0
"Por1500AnoMASA01";"Portugal (?)";;"Portugal";1;"Ville inconnue (Portugal)";1
"Por1500AnoMASA02";"Portugal";;"Portugal";0;"Ville inconnue (Portugal)";0
"PBa1485AnoFCG";"Pays-Bas (XVIᵉ s)";;"Pays-Bas (XVIᵉ s)";0;"Ville inconnue (Pays-Bas)";0
"Por1500VGilEFMdC";"Portugal";"Coimbra";"Portugal";0;"Coimbra";0
"Por1530FCarloEFMdC";"Portugal";;"Portugal";0;"Ville inconnue (Portugal)";0
"Por1508FHenrEFMdC01";"Portugal";;"Portugal";0;"Ville inconnue (Portugal)";0
"Por1520FCarloEFMdC";"Portugal";;"Portugal";0;"Ville inconnue (Portugal)";0
"Por1508FHenrEFMdC02";"Portugal";;"Portugal";0;"Ville inconnue (Portugal)";0
"Por1508FHenrEFMdC03";"Portugal";;"Portugal";0;"Ville inconnue (Portugal)";0
"Ita1550AnoEFMdC";"Péninsule italienne";;"Péninsule italienne";0;"Ville inconnue (Péninsule italienne)";0
"PBa1525AYsenEFMdC";"Pays-Bas (XVIᵉ s)";;"Pays-Bas (XVIᵉ s)";0;"Ville inconnue (Pays-Bas)";0
"PBa1500MREEFMdC";"Pays-Bas (XVIᵉ s)";"Bruges";"Pays-Bas (XVIᵉ s)";0;"Bruges";0
"Por1550AnoEFMdC_01";"Portugal";;"Portugal";0;"Ville inconnue (Portugal)";0
"Por1552DConEFMdC";"Portugal";;"Portugal";0;"Ville inconnue (Portugal)";0
"Por1550DConEFMdC_01";"Portugal";;"Portugal";0;"Ville inconnue (Portugal)";0
"Por1540DConEFMdC";"Portugal";;"Portugal";0;"Ville inconnue (Portugal)";0
"Ita1515PontDiBA";"Péninsule italienne";;"Péninsule italienne";0;"Ville inconnue (Péninsule italienne)";0
"Por1550DConEFMdC_02";"Portugal";;"Portugal";0;"Ville inconnue (Portugal)";0
"Por1546DConEFMdC";"Portugal";;"Portugal";0;"Ville inconnue (Portugal)";0
"Por1550AnoEFMdC_02";"Portugal";;"Portugal";0;"Ville inconnue (Portugal)";0
"Por1544GLopEFMdC01";"Portugal";;"Portugal";0;"Ville inconnue (Portugal)";0
"Por1544GLopEFMdC02";"Portugal";;"Portugal";0;"Ville inconnue (Portugal)";0
"Por1525AnoEFMdC";"Portugal";;"Portugal";0;"Ville inconnue (Portugal)";0
"Por1530AnoEFMdC01";"Portugal";;"Portugal";0;"Ville inconnue (Portugal)";0
"Por1530AnoEFMdC02";"Portugal";;"Portugal";0;"Ville inconnue (Portugal)";0
"Por1615PNunEFMdC01";"Portugal";;"Portugal";0;"Ville inconnue (Portugal)";0
"Por1615PNunEFMdC02";"Portugal";;"Portugal";0;"Ville inconnue (Portugal)";0
"Por1530GLopMMIPO";"Portugal";;"Portugal";0;"Ville inconnue (Portugal)";0
"Por1590DTeixAdCosMMIPO";"Portugal";;"Portugal";0;"Ville inconnue (Portugal)";0
"PBa1515CdCoMMIPO";"Pays-Bas (XVIᵉ s)";;"Pays-Bas (XVIᵉ s)";0;"Ville inconnue (Pays-Bas)";0
"Por1591DTeixMMIPO01";"Portugal";;"Portugal";0;"Ville inconnue (Portugal)";0
"Por1591DTeixMMIPO02";"Portugal";;"Portugal";0;"Ville inconnue (Portugal)";0
"Por1591DTeixMMIPO03";"Portugal";;"Portugal";0;"Ville inconnue (Portugal)";0
"Por1647JAyaMNSR";"Portugal";;"Portugal";0;"Ville inconnue (Portugal)";0
"Por1520FCarloMNSR";"Portugal";"Évora";"Portugal";0;"Évora";0
"PBa1500WMuelMNSR";"Pays-Bas (XVIᵉ s)";"Anvers";"Pays-Bas (XVIᵉ s)";0;"Anvers";0
"Por1511VFernaMNSR01";"Portugal";"Viseu";"Portugal";0;"Viseu";0
"Por1511VFernaMNSR02";"Portugal";"Viseu";"Portugal";0;"Viseu";0
"Por1500AnoMNSR01";"Japon";;"Japon";0;"Ville inconnue (Japon)";0
"PBE1600AnoMNSR";"Pays-Bas espagnols (XVIIᵉ s)";;"Pays-Bas espagnols (XVIIᵉ s)";0;"Ville inconnue (Pays-Bas espagnols)";0
"Por1500AnoMNSR02";"Portugal";;"Portugal";0;"Ville inconnue (Portugal)";0
"Por1508FHenrMNAA01";"Portugal";;"Portugal";0;"Ville inconnue (Portugal)";0
"Por1508FHenrMNAA02";"Portugal";;"Portugal";0;"Ville inconnue (Portugal)";0
"Por1508FHenrMNAA03";"Portugal";;"Portugal";0;"Ville inconnue (Portugal)";0
"Por1508FHenrMNAA04";"Portugal";;"Portugal";0;"Ville inconnue (Portugal)";0
"Por1508FHenrMNAA05";"Portugal";;"Portugal";0;"Ville inconnue (Portugal)";0
"Por1515JAfoMNAA01";"Portugal";;"Portugal";0;"Ville inconnue (Portugal)";0
"Por1515JAfoMNAA02";"Portugal";;"Portugal";0;"Ville inconnue (Portugal)";0
"Por1515JAfoMNAA03";"Portugal";;"Portugal";0;"Ville inconnue (Portugal)";0
"Por1515JAfoMNAA04";"Portugal";;"Portugal";0;"Ville inconnue (Portugal)";0
"Por1515JAfoMNAA05";"Portugal";;"Portugal";0;"Ville inconnue (Portugal)";0
"Por1515JAfoMNAA06";"Portugal";;"Portugal";0;"Ville inconnue (Portugal)";0
"Por1515JAfoMNAA07";"Portugal";;"Portugal";0;"Ville inconnue (Portugal)";0
"Por1508FHenrMNAA06";"Portugal";;"Portugal";0;"Ville inconnue (Portugal)";0
"Por1520AnoMNAA01";"Portugal";"Lisbonne";"Portugal";0;"Lisbonne";0
"Por1515MdLouMNAA";"Portugal";;"Portugal";0;"Ville inconnue (Portugal)";0
"Por1523GLopMNAA01";"Portugal";;"Portugal";0;"Ville inconnue (Portugal)";0
"Por1523GLopMNAA02";"Portugal";;"Portugal";0;"Ville inconnue (Portugal)";0
"Por1523GLopMNAA03";"Portugal";;"Portugal";0;"Ville inconnue (Portugal)";0
"Por1523GLopMNAA04";"Portugal";;"Portugal";0;"Ville inconnue (Portugal)";0
"Por1523GLopMNAA05";"Portugal";;"Portugal";0;"Ville inconnue (Portugal)";0
"Por1523GLopMNAA06";"Portugal";;"Portugal";0;"Ville inconnue (Portugal)";0
"Por1523GLopMNAA07";"Portugal";;"Portugal";0;"Ville inconnue (Portugal)";0
"Por1523GLopMNAA08";"Portugal";;"Portugal";0;"Ville inconnue (Portugal)";0
"Por1523GLopMNAA09";"Portugal";;"Portugal";0;"Ville inconnue (Portugal)";0
"Por1529FCarloMNAA";"Portugal";;"Portugal";0;"Ville inconnue (Portugal)";0
"Por1520FCarloMNAA01";"Portugal";;"Portugal";0;"Ville inconnue (Portugal)";0
"Por1520FCarloMNAA02";"Portugal";;"Portugal";0;"Ville inconnue (Portugal)";0
"Por1520FCarloMNAA03";"Portugal";;"Portugal";0;"Ville inconnue (Portugal)";0
"Por1520FCarloMNAA04";"Portugal";;"Portugal";0;"Ville inconnue (Portugal)";0
"Por1525VFernaMNAA";"Portugal";;"Portugal";0;"Ville inconnue (Portugal)";0
"Por1520VGilMNAA";"Portugal";"Coimbra";"Portugal";0;"Coimbra";0
"Por1521FigueMNAA";"Portugal";;"Portugal";0;"Ville inconnue (Portugal)";0
"PBa1500AnoMNAA01";"Pays-Bas (XVIᵉ s)";;"Pays-Bas (XVIᵉ s)";0;"Ville inconnue (Pays-Bas)";0
"PBa1500AnoMNAA02";"Pays-Bas (XVIᵉ s)";;"Pays-Bas (XVIᵉ s)";0;"Ville inconnue (Pays-Bas)";0
"PBa1500AnoMNAA03";"Pays-Bas (XVIᵉ s)";;"Pays-Bas (XVIᵉ s)";0;"Ville inconnue (Pays-Bas)";0
"Ita1500AnoMNAA01";"Péninsule italienne";;"Péninsule italienne";0;"Ville inconnue (Péninsule italienne)";0
"Ita1510CsSMNAA";"Péninsule italienne";;"Péninsule italienne";0;"Ville inconnue (Péninsule italienne)";0
"Ita1515LMaMNAA";"Péninsule italienne";;"Péninsule italienne";0;"Ville inconnue (Péninsule italienne)";0
"Ita1500AnoMNAA02";"Péninsule italienne";;"Péninsule italienne";0;"Ville inconnue (Péninsule italienne)";0
"PBa1510QMetMNAA";"Pays-Bas (XVIᵉ s)";;"Pays-Bas (XVIᵉ s)";0;"Ville inconnue (Pays-Bas)";0
"PBa1520AnoMNAA01";"Pays-Bas (XVIᵉ s)";;"Pays-Bas (XVIᵉ s)";0;"Ville inconnue (Pays-Bas)";0
"PBa1550AnoMNAA01";"Pays-Bas (XVIᵉ s)";;"Pays-Bas (XVIᵉ s)";0;"Ville inconnue (Pays-Bas)";0
"Ita1602AlloMNAA";"Péninsule italienne";"Florence";"Péninsule italienne";0;"Florence";0
"SEm1490MGrossPraCSA";"Pays germaniques";"Salzbourg";"Pays germaniques";0;"Salzbourg";0
"SEm1480AnoPraCSA";"Pays germaniques";"Nuremberg (?)";"Pays germaniques";0;"Nuremberg";1
"SEm1540MIWPraCSA";"Pays germaniques";;"Pays germaniques";0;"Ville inconnue (Pays germaniques)";0
"Por1592DTeixMMIPO";"Portugal";;"Portugal";0;"Ville inconnue (Portugal)";0
"Por1608AnoMMIPO";"Portugal";;"Portugal";0;"Ville inconnue (Portugal)";0
"SEm1500MLAPraCSA01";"Pays germaniques";"Prague (?)";"Pays germaniques";0;"Prague";1
"SEm1520LCaPraCSA";"Pays germaniques";"Wittenberg";"Pays germaniques";0;"Wittenberg";0
"SEm1520GHerlPraCSA";"Pays germaniques";;"Pays germaniques";0;"Ville inconnue (Pays germaniques)";0
"SEm1500MLAPraCSA02";"Pays germaniques";;"Pays germaniques";0;"Ville inconnue (Pays germaniques)";0
"SEm1515MLAPraCSA01";"Pays germaniques";"Prague";"Pays germaniques";0;"Prague";0
"SEm1515MLAPraCSA02";"Pays germaniques";"Prague";"Pays germaniques";0;"Prague";0
"SEm1525AAlPraCSA";"Pays germaniques";;"Pays germaniques";0;"Ville inconnue (Pays germaniques)";0
"SEm1512LCaPraCSA";"Pays germaniques";"Wittenberg";"Pays germaniques";0;"Wittenberg";0
"SEm1500MHKAPraCSA";"Pays germaniques";"Chrudim";"Pays germaniques";0;"Chrudim";0
"SEm1510AnoPraCSA01";"Pays germaniques";;"Pays germaniques";0;"Ville inconnue (Pays germaniques)";0
"PBa1475AnoMNAA01";"Pays-Bas (XVIᵉ s)";;"Pays-Bas (XVIᵉ s)";0;"Ville inconnue (Pays-Bas)";0
"PBa1500AnoMNAA04";"Pays-Bas (XVIᵉ s)";;"Pays-Bas (XVIᵉ s)";0;"Ville inconnue (Pays-Bas)";0
"PBa1475AnoMNAA02";"Pays-Bas (XVIᵉ s)";;"Pays-Bas (XVIᵉ s)";0;"Ville inconnue (Pays-Bas)";0
"PBa1500AnoMNAA05";"Pays-Bas (XVIᵉ s)";;"Pays-Bas (XVIᵉ s)";0;"Ville inconnue (Pays-Bas)";0
"PBa1500AnoMNAA06";"Pays-Bas (XVIᵉ s)";"Cologne (?)";"Pays-Bas (XVIᵉ s)";0;"Cologne";1
"PBa1500AnoMNAA07";"Pays-Bas (XVIᵉ s)";"Cologne (?)";"Pays-Bas (XVIᵉ s)";0;"Cologne";1
"Esp1490AnoMNAA";"Espagne";;"Espagne";0;"Ville inconnue (Espagne)";0
"Esp1495AnoMNAA";"Espagne";;"Espagne";0;"Ville inconnue (Espagne)";0
"Esp1500AnoMNAA01";"Espagne";;"Espagne";0;"Ville inconnue (Espagne)";0
"Esp1500AnoMNAA02";"Espagne";;"Espagne";0;"Ville inconnue (Espagne)";0
"Esp1500AnoMNAA03";"Espagne";;"Espagne";0;"Ville inconnue (Espagne)";0
"Esp1500AnoMNAA04";"Espagne";;"Espagne";0;"Ville inconnue (Espagne)";0
"PBa1509QMetMNAA01";"Pays-Bas (XVIᵉ s)";;"Pays-Bas (XVIᵉ s)";0;"Ville inconnue (Pays-Bas)";0
"PBa1509QMetMNAA02";"Pays-Bas (XVIᵉ s)";;"Pays-Bas (XVIᵉ s)";0;"Ville inconnue (Pays-Bas)";0
"PBa1509QMetMNAA03";"Pays-Bas (XVIᵉ s)";;"Pays-Bas (XVIᵉ s)";0;"Ville inconnue (Pays-Bas)";0
"PBa1520AnoMNAA";"Pays-Bas (XVIᵉ s)";;"Pays-Bas (XVIᵉ s)";0;"Ville inconnue (Pays-Bas)";0
"SEm1510MLAPraCSA01";"Pays germaniques";"Prague";"Pays germaniques";0;"Prague";0
"Ita1500AnoPraCh";"Péninsule italienne";;"Péninsule italienne";0;"Ville inconnue (Péninsule italienne)";0
"Ita1575VeroPraCh";"Péninsule italienne";"Venise";"Péninsule italienne";0;"Venise";0
"Ang1540HHJPraCh";"Angleterre";"Londres";"Angleterre";0;"Londres";0
"SEm1520MOstenPraCh";"Pays germaniques";;"Pays germaniques";0;"Ville inconnue (Pays germaniques)";0
"Por1470GonNuMNAA01";"Portugal";"Lisbonne";"Portugal";0;"Lisbonne";0
"Por1470GonNuMNAA02";"Portugal";"Lisbonne";"Portugal";0;"Lisbonne";0
"Por1537VazMNAA";"Portugal";"Viseu";"Portugal";0;"Viseu";0
"Por1520FigueMNAA01";"Portugal";;"Portugal";0;"Ville inconnue (Portugal)";0
"Por1500AnoMNAA01";"Portugal";;"Portugal";0;"Ville inconnue (Portugal)";0
"Por1540AnoMNAA01";"Portugal";;"Portugal";0;"Ville inconnue (Portugal)";0
"Por1515JAfoMNAA08";"Portugal";;"Portugal";0;"Ville inconnue (Portugal)";0
"Por1550AnoMNAA01";"Portugal";;"Portugal";0;"Ville inconnue (Portugal)";0
"Por1550AnoMNAA02";"Portugal";;"Portugal";0;"Ville inconnue (Portugal)";0
"Ita1520GranASH01";"Péninsule italienne";;"Péninsule italienne";0;"Ville inconnue (Péninsule italienne)";0
"Ita1520GranASH02";"Péninsule italienne";;"Péninsule italienne";0;"Ville inconnue (Péninsule italienne)";0
"SEm1490AnoASH";"Pays germaniques";;"Pays germaniques";0;"Ville inconnue (Pays germaniques)";0
"PBa1520AnoASH";"Pays-Bas (XVIᵉ s)";;"Pays-Bas (XVIᵉ s)";0;"Ville inconnue (Pays-Bas)";0
"PBa1500AnoASH";"Pays-Bas (XVIᵉ s)";;"Pays-Bas (XVIᵉ s)";0;"Ville inconnue (Pays-Bas)";0
"Ita1555VenuASH";"Péninsule italienne";;"Péninsule italienne";0;"Ville inconnue (Péninsule italienne)";0
"SEm1514HSchASH";"Pays germaniques";;"Pays germaniques";0;"Ville inconnue (Pays germaniques)";0
"Ita1441SellCCO";"Péninsule italienne";;"Péninsule italienne";0;"Ville inconnue (Péninsule italienne)";0
"Ita1466RGarbCCO";"Péninsule italienne";;"Péninsule italienne";0;"Ville inconnue (Péninsule italienne)";0
"Ita1480LMaCCO";"Péninsule italienne";;"Péninsule italienne";0;"Ville inconnue (Péninsule italienne)";0
"Por1519AnoMNAA01";"Portugal";"Lisbonne";"Portugal";0;"Lisbonne";0
"Por1549Md1MNAA";"Portugal";;"Portugal";0;"Ville inconnue (Portugal)";0
"Por1520AnoMNAA02";"Portugal";;"Portugal";0;"Ville inconnue (Portugal)";0
"Por1519AnoMNAA02";"Portugal";"Lisbonne";"Portugal";0;"Lisbonne";0
"Por1535GLopMNAA";"Portugal";;"Portugal";0;"Ville inconnue (Portugal)";0
"Por1500AnoMNAA02";"Portugal";;"Portugal";0;"Ville inconnue (Portugal)";0
"Por1530AnoMNAA01";"Portugal";;"Portugal";0;"Ville inconnue (Portugal)";0
"Por1540AnoMNAA02";"Portugal";;"Portugal";0;"Ville inconnue (Portugal)";0
"Por1508FHenrMNAA07";"Portugal";;"Portugal";0;"Ville inconnue (Portugal)";0
"Por1608DLPMNAA";"Portugal";;"Portugal";0;"Ville inconnue (Portugal)";0
"Por1600AnoMNAA01";"Portugal";;"Portugal";0;"Ville inconnue (Portugal)";0
"PBa1550AnoMNAA02";"Pays-Bas (XVIᵉ s)";;"Pays-Bas (XVIᵉ s)";0;"Ville inconnue (Pays-Bas)";0
"PBa1500AnoMNAA08";"Pays-Bas (XVIᵉ s)";;"Pays-Bas (XVIᵉ s)";0;"Ville inconnue (Pays-Bas)";0
"PBa1500AnoMNAA09";"Pays-Bas (XVIᵉ s)";;"Pays-Bas (XVIᵉ s)";0;"Ville inconnue (Pays-Bas)";0
"Esp1600AnoMNAA";"Espagne";;"Espagne";0;"Ville inconnue (Espagne)";0
"Por1500AnoMNAA03";"Portugal";;"Portugal";0;"Ville inconnue (Portugal)";0
"Por1550FdHMNAA";"Portugal";;"Portugal";0;"Ville inconnue (Portugal)";0
"Por1540AnoMNAA03";"Portugal";;"Portugal";0;"Ville inconnue (Portugal)";0
"Por1540AnoMNAA04";"Portugal";;"Portugal";0;"Ville inconnue (Portugal)";0
"Esp1500AnoMNAA05";"Espagne";;"Espagne";0;"Ville inconnue (Espagne)";0
"Por1500FigueMNAA";"Portugal";;"Portugal";0;"Ville inconnue (Portugal)";0
"Por1520AnoMNAA03";"Portugal";;"Portugal";0;"Ville inconnue (Portugal)";0
"Por1600PaivMNAA";"Portugal";;"Portugal";0;"Ville inconnue (Portugal)";0
"Ita1700AnoMNAA01";"Péninsule italienne";;"Péninsule italienne";0;"Ville inconnue (Péninsule italienne)";0
"Por1500MdSMNAA01";"Portugal";;"Portugal";0;"Ville inconnue (Portugal)";0
"Por1500MdSMNAA02";"Portugal";;"Portugal";0;"Ville inconnue (Portugal)";0
"Por1500MdSMNAA03";"Portugal";;"Portugal";0;"Ville inconnue (Portugal)";0
"Por1500MdSMNAA04";"Portugal";;"Portugal";0;"Ville inconnue (Portugal)";0
"Por1500MdSMNAA05";"Portugal";;"Portugal";0;"Ville inconnue (Portugal)";0
"Por1500MdSMNAA06";"Portugal";;"Portugal";0;"Ville inconnue (Portugal)";0
"Por1600AnoMNAA02";"Portugal";;"Portugal";0;"Ville inconnue (Portugal)";0
"Por1600AnoMNAA03";"Portugal";;"Portugal";0;"Ville inconnue (Portugal)";0
"PBE1648JvKMNAA";"Portugal";;"Portugal";0;"Ville inconnue (Portugal)";0
"PBa1505AnoMNAA";"Pays-Bas (XVIᵉ s)";;"Pays-Bas (XVIᵉ s)";0;"Ville inconnue (Pays-Bas)";0
"Por1600AnoMNAA04";"Portugal";;"Portugal";0;"Ville inconnue (Portugal)";0
"Ita1600AnoMNAA";"Péninsule italienne (?)";;"Péninsule italienne";1;"Ville inconnue (Péninsule italienne)";1
"Ita1525LMaMNAA";"Péninsule italienne";;"Péninsule italienne";0;"Ville inconnue (Péninsule italienne)";0
"Esp1500AnoMNAA06";"Espagne";;"Espagne";0;"Ville inconnue (Espagne)";0
"Por1575MBOMNAA";"Portugal";;"Portugal";0;"Ville inconnue (Portugal)";0
"Por1537GFernaMNAA01";"Portugal";;"Portugal";0;"Ville inconnue (Portugal)";0
"Por1600AnoMNAA05";"Portugal";;"Portugal";0;"Ville inconnue (Portugal)";0
"As1600AnoMNAA";"Asie";;"Asie";0;"Ville inconnue (Asie)";0
"As1555AnoMNAA01";"Asie";"Goa";"Asie";0;"Goa";0
"As1555AnoMNAA02";"Asie";"Goa";"Asie";0;"Goa";0
"Ita1560CesuWall";"Péninsule italienne";;"Péninsule italienne";0;"Ville inconnue (Péninsule italienne)";0
"Ang1545BettesTB";"Angleterre";;"Angleterre";0;"Ville inconnue (Angleterre)";0
"Ang1590AnoTB";"Angleterre";;"Angleterre";0;"Ville inconnue (Angleterre)";0
"Ita1500AnoDiBA";"Péninsule italienne";;"Péninsule italienne";0;"Ville inconnue (Péninsule italienne)";0
"SEm1478MRoCoDiBA01";"Pays germaniques";"Strasbourg";"Pays germaniques";0;"Strasbourg";0
"SEm1478MRoCoDiBA02";"Pays germaniques";"Strasbourg";"Pays germaniques";0;"Strasbourg";0
"Ang1540AnoHoly";"Angleterre";;"Angleterre";0;"Ville inconnue (Angleterre)";0
"Ang1610AnoHoly";"Angleterre";;"Angleterre";0;"Ville inconnue (Angleterre)";0
"SEm1520LCaPraCh";"Pays germaniques";;"Pays germaniques";0;"Ville inconnue (Pays germaniques)";0
"SEm1510AnoPraCSA02";"Pays germaniques";"Bohème (?)";"Pays germaniques";0;"Bohème";1
"SEm1510AnoPraCSA03";"Pays germaniques";"Bohème (?)";"Pays germaniques";0;"Bohème";1
"SEm1510MLAPraCSA02";"Pays germaniques";"Prague";"Pays germaniques";0;"Prague";0
"SEm1510MLAPraCSA03";"Pays germaniques";"Prague";"Pays germaniques";0;"Prague";0
"PBa1580MCoxPraPS";"Pays-Bas (XVIᵉ s)";"Malines";"Pays-Bas (XVIᵉ s)";0;"Malines";0
"Ita1501CaroPraPS";"Péninsule italienne";;"Péninsule italienne";0;"Ville inconnue (Péninsule italienne)";0
"SEm1520LCaPraPS01";"Pays germaniques";;"Pays germaniques";0;"Ville inconnue (Pays germaniques)";0
"SEm1525MIWPraPS";"Pays germaniques";;"Pays germaniques";0;"Ville inconnue (Pays germaniques)";0
"PBa1511MFLPraPS";"Pays-Bas (XVIᵉ s)";;"Pays-Bas (XVIᵉ s)";0;"Ville inconnue (Pays-Bas)";0
"SEm1517HWertPraPS";"Pays germaniques";"Landshut";"Pays germaniques";0;"Landshut";0
"SEm1515BStriPraPS";"Pays germaniques";;"Pays germaniques";0;"Ville inconnue (Pays germaniques)";0
"PBa1482EngePraPS";"Pays-Bas (XVIᵉ s)";"Leyde (?)";"Pays-Bas (XVIᵉ s)";0;"Leyde";1
"SEm1490HHAPraPS";"Pays germaniques";"Augsbourg (?)";"Pays germaniques";0;"Augsbourg";1
"SEm1509HHAPraPS01";"Pays germaniques";;"Pays germaniques";0;"Ville inconnue (Pays germaniques)";0
"SEm1509HHAPraPS02";"Pays germaniques";;"Pays germaniques";0;"Ville inconnue (Pays germaniques)";0
"Ita1502PVenPraPS";"Péninsule italienne";;"Péninsule italienne";0;"Ville inconnue (Péninsule italienne)";0
"Ita1495LBreaPraPSt01";"Péninsule italienne";;"Péninsule italienne";0;"Ville inconnue (Péninsule italienne)";0
"Ita1495LBreaPraPSt02";"Péninsule italienne";;"Péninsule italienne";0;"Ville inconnue (Péninsule italienne)";0
"Ita1510DFerrPraPSt";"Péninsule italienne";;"Péninsule italienne";0;"Ville inconnue (Péninsule italienne)";0
"PBa1482EngePraPSt";"Pays-Bas (XVIᵉ s)";"Leyde (?)";"Pays-Bas (XVIᵉ s)";0;"Leyde";1
"PBa1525AnoPraPSt";"Pays-Bas (XVIᵉ s)";;"Pays-Bas (XVIᵉ s)";0;"Ville inconnue (Pays-Bas)";0
"PBa1510AnoPraPSt";"Pays-Bas (XVIᵉ s)";;"Pays-Bas (XVIᵉ s)";0;"Ville inconnue (Pays-Bas)";0
"PBa1493MFrPraPSt";"Pays-Bas (XVIᵉ s)";;"Pays-Bas (XVIᵉ s)";0;"Ville inconnue (Pays-Bas)";0
"SEm1506MGutJPraPSt";"Pays germaniques";"Constance (?)";"Pays germaniques";0;"Constance";1
"SEm1516HBGPraPSt";"Pays germaniques";"Fribourg";"Pays germaniques";0;"Fribourg";0
"SEm1499HRaphPraPSt01";"Pays germaniques";"Göttingen";"Pays germaniques";0;"Göttingen";0
"SEm1499HRaphPraPSt02";"Pays germaniques";"Göttingen";"Pays germaniques";0;"Göttingen";0
"SEm1499HRaphPraPSt03";"Pays germaniques";"Göttingen";"Pays germaniques";0;"Göttingen";0
"SEm1499HRaphPraPSt04";"Pays germaniques";"Göttingen";"Pays germaniques";0;"Göttingen";0
"SEm1499HRaphPraPSt05";"Pays germaniques";"Göttingen";"Pays germaniques";0;"Göttingen";0
"SEm1499HRaphPraPSt06";"Pays germaniques";"Göttingen";"Pays germaniques";0;"Göttingen";0
"SEm1499HRaphPraPSt07";"Pays germaniques";"Göttingen";"Pays germaniques";0;"Göttingen";0
"SEm1499HRaphPraPSt08";"Pays germaniques";"Göttingen";"Pays germaniques";0;"Göttingen";0
"SEm1499HRaphPraPSt09";"Pays germaniques";"Göttingen";"Pays germaniques";0;"Göttingen";0
"SEm1499HRaphPraPSt10";"Pays germaniques";"Göttingen";"Pays germaniques";0;"Göttingen";0
"SEm1499HRaphPraPSt11";"Pays germaniques";"Göttingen";"Pays germaniques";0;"Göttingen";0
"SEm1499HRaphPraPSt12";"Pays germaniques";"Göttingen";"Pays germaniques";0;"Göttingen";0
"SEm1499HRaphPraPSt13";"Pays germaniques";"Göttingen";"Pays germaniques";0;"Göttingen";0
